id,пол,город,relation
177,пол женский,Москва,данные извлечь невозможно
212,пол женский,Санкт-Петербург,данные извлечь невозможно
243,пол женский,Санкт-Петербург,данные извлечь невозможно
328,пол женский,город не указан,данные извлечь невозможно
431,пол женский,Санкт-Петербург,данные извлечь невозможно
479,пол женский,Санкт-Петербург,данные извлечь невозможно
495,пол мужской,Санкт-Петербург,данные извлечь невозможно
510,пол мужской,город не указан,данные извлечь невозможно
636,пол мужской,Пушкин,данные извлечь невозможно
651,пол женский,Москва,данные извлечь невозможно
711,пол мужской,Санкт-Петербург,данные извлечь невозможно
889,пол женский,Санкт-Петербург,данные извлечь невозможно
1018,пол мужской,Санкт-Петербург,данные извлечь невозможно
1038,пол мужской,город не указан,данные извлечь невозможно
1095,пол мужской,Санкт-Петербург,данные извлечь невозможно
1097,пол женский,Санкт-Петербург,данные извлечь невозможно
1113,пол мужской,München,данные извлечь невозможно
1174,пол женский,Санкт-Петербург,данные извлечь невозможно
1257,пол мужской,İstanbul,данные извлечь невозможно
1313,пол мужской,Москва,данные извлечь невозможно
1331,пол женский,Санкт-Петербург,данные извлечь невозможно
1347,пол мужской,город не указан,данные извлечь невозможно
1351,пол мужской,Санкт-Петербург,данные извлечь невозможно
1405,пол мужской,город не указан,данные извлечь невозможно
1418,пол мужской,Санкт-Петербург,данные извлечь невозможно
1443,пол женский,Санкт-Петербург,данные извлечь невозможно
1464,пол мужской,город не указан,данные извлечь невозможно
1481,пол женский,город не указан,2
1490,пол мужской,город не указан,данные извлечь невозможно
1494,пол мужской,Санкт-Петербург,данные извлечь невозможно
1498,пол женский,Санкт-Петербург,4
1510,пол мужской,Санкт-Петербург,данные извлечь невозможно
1511,пол женский,Санкт-Петербург,данные извлечь невозможно
1568,пол мужской,Санкт-Петербург,данные извлечь невозможно
1590,пол мужской,Санкт-Петербург,данные извлечь невозможно
1607,пол женский,Санкт-Петербург,данные извлечь невозможно
1630,пол мужской,Санкт-Петербург,данные извлечь невозможно
1666,пол мужской,город не указан,данные извлечь невозможно
1667,пол мужской,Череповец,данные извлечь невозможно
1681,пол мужской,Санкт-Петербург,данные извлечь невозможно
1696,пол женский,Санкт-Петербург,данные извлечь невозможно
1697,пол мужской,Санкт-Петербург,данные извлечь невозможно
1699,пол мужской,Москва,4
1700,пол женский,город не указан,данные извлечь невозможно
1752,пол мужской,Новосибирск,данные извлечь невозможно
1754,пол мужской,Нижний Новгород,1
1775,пол мужской,Москва,данные извлечь невозможно
1777,пол мужской,Москва,данные извлечь невозможно
1797,пол мужской,Санкт-Петербург,данные извлечь невозможно
1820,пол мужской,Москва,данные извлечь невозможно
1829,пол мужской,Санкт-Петербург,данные извлечь невозможно
1832,пол мужской,Санкт-Петербург,данные извлечь невозможно
1843,пол мужской,Санкт-Петербург,данные извлечь невозможно
1863,пол мужской,Москва,данные извлечь невозможно
1867,пол мужской,Москва,данные извлечь невозможно
1896,пол мужской,Санкт-Петербург,данные извлечь невозможно
1899,пол женский,город не указан,данные извлечь невозможно
1946,пол женский,Санкт-Петербург,данные извлечь невозможно
1967,пол женский,Санкт-Петербург,данные извлечь невозможно
1973,пол мужской,город не указан,данные извлечь невозможно
2030,пол мужской,Ижевск,данные извлечь невозможно
2050,пол женский,Санкт-Петербург,данные извлечь невозможно
2086,пол мужской,Санкт-Петербург,данные извлечь невозможно
2123,пол женский,Москва,данные извлечь невозможно
2126,пол мужской,город не указан,данные извлечь невозможно
2136,пол мужской,Рязань,данные извлечь невозможно
2175,пол мужской,Краснодар,данные извлечь невозможно
2186,пол мужской,город не указан,данные извлечь невозможно
2193,пол мужской,Санкт-Петербург,данные извлечь невозможно
2201,пол мужской,Москва,данные извлечь невозможно
2212,пол мужской,Санкт-Петербург,1
2213,пол мужской,Санкт-Петербург,данные извлечь невозможно
2226,пол мужской,Санкт-Петербург,данные извлечь невозможно
2249,пол мужской,Санкт-Петербург,данные извлечь невозможно
2269,пол мужской,Санкт-Петербург,данные извлечь невозможно
2272,пол мужской,город не указан,данные извлечь невозможно
2275,пол женский,город не указан,данные извлечь невозможно
2338,пол женский,Санкт-Петербург,данные извлечь невозможно
2375,пол мужской,Санкт-Петербург,данные извлечь невозможно
2389,пол мужской,Москва,6
2408,пол мужской,Москва,данные извлечь невозможно
2420,пол женский,Москва,данные извлечь невозможно
2425,пол женский,Санкт-Петербург,данные извлечь невозможно
2428,пол женский,Санкт-Петербург,данные извлечь невозможно
2466,пол женский,Санкт-Петербург,данные извлечь невозможно
2523,пол мужской,Москва,данные извлечь невозможно
2601,пол мужской,Санкт-Петербург,данные извлечь невозможно
2617,пол женский,Йыхви,4
2619,пол мужской,Санкт-Петербург,данные извлечь невозможно
2620,пол мужской,Санкт-Петербург,данные извлечь невозможно
2622,пол мужской,Санкт-Петербург,данные извлечь невозможно
2655,пол женский,Санкт-Петербург,данные извлечь невозможно
2665,пол женский,Санкт-Петербург,данные извлечь невозможно
2676,пол мужской,Санкт-Петербург,данные извлечь невозможно
2691,пол мужской,Москва,данные извлечь невозможно
2693,пол мужской,Санкт-Петербург,данные извлечь невозможно
2694,пол мужской,Санкт-Петербург,данные извлечь невозможно
2703,пол мужской,город не указан,данные извлечь невозможно
2704,пол женский,Санкт-Петербург,данные извлечь невозможно
2729,пол мужской,Санкт-Петербург,данные извлечь невозможно
2745,пол мужской,Санкт-Петербург,4
2752,пол мужской,Санкт-Петербург,данные извлечь невозможно
2827,пол мужской,город не указан,данные извлечь невозможно
2926,пол мужской,Москва,данные извлечь невозможно
2942,пол женский,Санкт-Петербург,данные извлечь невозможно
2962,пол мужской,Санкт-Петербург,данные извлечь невозможно
2970,пол мужской,город не указан,данные извлечь невозможно
2976,пол мужской,Санкт-Петербург,данные извлечь невозможно
3040,пол мужской,Санкт-Петербург,данные извлечь невозможно
3065,пол женский,город не указан,данные извлечь невозможно
3116,пол женский,Санкт-Петербург,данные извлечь невозможно
3155,пол мужской,Санкт-Петербург,данные извлечь невозможно
3172,пол мужской,Санкт-Петербург,данные извлечь невозможно
3196,пол мужской,город не указан,данные извлечь невозможно
3209,пол женский,Санкт-Петербург,данные извлечь невозможно
3257,пол женский,Санкт-Петербург,данные извлечь невозможно
3279,пол мужской,Санкт-Петербург,данные извлечь невозможно
3340,пол женский,Москва,данные извлечь невозможно
3345,пол женский,Санкт-Петербург,данные извлечь невозможно
3356,пол мужской,Helsinki,данные извлечь невозможно
3361,пол мужской,город не указан,данные извлечь невозможно
3374,пол женский,Санкт-Петербург,данные извлечь невозможно
3377,пол женский,Санкт-Петербург,данные извлечь невозможно
3388,пол мужской,Екатеринбург,данные извлечь невозможно
3420,пол мужской,Москва,4
3421,пол мужской,Санкт-Петербург,данные извлечь невозможно
3423,пол женский,Санкт-Петербург,данные извлечь невозможно
3431,пол женский,Санкт-Петербург,данные извлечь невозможно
3436,пол женский,Санкт-Петербург,данные извлечь невозможно
3438,пол мужской,Москва,данные извлечь невозможно
3443,пол мужской,Санкт-Петербург,данные извлечь невозможно
3450,пол мужской,Москва,данные извлечь невозможно
3492,пол женский,город не указан,данные извлечь невозможно
3598,пол мужской,Санкт-Петербург,данные извлечь невозможно
3608,пол мужской,Санкт-Петербург,данные извлечь невозможно
3609,пол женский,город не указан,данные извлечь невозможно
3610,пол женский,Санкт-Петербург,данные извлечь невозможно
3613,пол женский,Санкт-Петербург,данные извлечь невозможно
3618,пол женский,Москва,данные извлечь невозможно
3637,пол женский,Санкт-Петербург,5
3644,пол женский,Санкт-Петербург,данные извлечь невозможно
3655,пол женский,Санкт-Петербург,данные извлечь невозможно
3674,пол женский,Санкт-Петербург,данные извлечь невозможно
3690,пол мужской,Санкт-Петербург,данные извлечь невозможно
3705,пол мужской,Санкт-Петербург,данные извлечь невозможно
3707,пол мужской,Санкт-Петербург,данные извлечь невозможно
3736,пол мужской,Санкт-Петербург,данные извлечь невозможно
3756,пол женский,Москва,данные извлечь невозможно
3786,пол женский,Санкт-Петербург,данные извлечь невозможно
3799,пол мужской,Санкт-Петербург,данные извлечь невозможно
3808,пол женский,Санкт-Петербург,данные извлечь невозможно
3819,пол мужской,Москва,данные извлечь невозможно
3840,пол женский,Москва,данные извлечь невозможно
3841,пол женский,Санкт-Петербург,данные извлечь невозможно
3849,пол мужской,Санкт-Петербург,данные извлечь невозможно
3856,пол мужской,Санкт-Петербург,данные извлечь невозможно
3879,пол мужской,Москва,данные извлечь невозможно
3894,пол мужской,Москва,1
3895,пол женский,Санкт-Петербург,данные извлечь невозможно
3918,пол женский,Санкт-Петербург,4
3936,пол мужской,Санкт-Петербург,данные извлечь невозможно
3977,пол женский,Санкт-Петербург,данные извлечь невозможно
4038,пол мужской,Санкт-Петербург,данные извлечь невозможно
4041,пол мужской,Киев,данные извлечь невозможно
4070,пол мужской,Санкт-Петербург,данные извлечь невозможно
4083,пол женский,город не указан,данные извлечь невозможно
4130,пол мужской,город не указан,данные извлечь невозможно
4140,пол женский,город не указан,данные извлечь невозможно
4142,пол мужской,город не указан,данные извлечь невозможно
4150,пол мужской,Санкт-Петербург,данные извлечь невозможно
4160,пол мужской,Санкт-Петербург,данные извлечь невозможно
4174,пол женский,Санкт-Петербург,данные извлечь невозможно
4183,пол мужской,Санкт-Петербург,данные извлечь невозможно
4234,пол мужской,Foster City,данные извлечь невозможно
4236,пол мужской,Донецк,6
4249,пол женский,город не указан,данные извлечь невозможно
4265,пол мужской,Санкт-Петербург,данные извлечь невозможно
4270,пол мужской,Хабаровск,данные извлечь невозможно
4281,пол женский,Санкт-Петербург,данные извлечь невозможно
4282,пол мужской,Москва,данные извлечь невозможно
4318,пол мужской,Санкт-Петербург,данные извлечь невозможно
4378,пол мужской,город не указан,4
4390,пол мужской,Москва,данные извлечь невозможно
4396,пол мужской,Санкт-Петербург,данные извлечь невозможно
4409,пол мужской,Praha,данные извлечь невозможно
4439,пол мужской,Москва,данные извлечь невозможно
4468,пол мужской,Санкт-Петербург,данные извлечь невозможно
4473,пол мужской,Санкт-Петербург,4
4513,пол мужской,Москва,данные извлечь невозможно
4521,пол мужской,Москва,4
4527,пол женский,Воронеж,4
4532,пол мужской,Санкт-Петербург,4
4558,пол женский,Санкт-Петербург,данные извлечь невозможно
4595,пол мужской,Санкт-Петербург,данные извлечь невозможно
4605,пол женский,Санкт-Петербург,данные извлечь невозможно
4620,пол женский,Новосибирск,данные извлечь невозможно
4640,пол мужской,Долгопрудный,4
4689,пол мужской,Москва,данные извлечь невозможно
4694,пол мужской,город не указан,данные извлечь невозможно
4695,пол женский,Санкт-Петербург,данные извлечь невозможно
4714,пол мужской,Новосибирск,данные извлечь невозможно
4731,пол мужской,Санкт-Петербург,данные извлечь невозможно
4732,пол мужской,Санкт-Петербург,данные извлечь невозможно
4788,пол женский,Санкт-Петербург,данные извлечь невозможно
4815,пол женский,город не указан,данные извлечь невозможно
4818,пол мужской,Санкт-Петербург,данные извлечь невозможно
4837,пол женский,Санкт-Петербург,данные извлечь невозможно
4862,пол мужской,Санкт-Петербург,данные извлечь невозможно
4873,пол женский,Санкт-Петербург,данные извлечь невозможно
4916,пол мужской,Винница,данные извлечь невозможно
4929,пол мужской,город не указан,данные извлечь невозможно
4930,пол мужской,Москва,данные извлечь невозможно
4934,пол женский,Санкт-Петербург,данные извлечь невозможно
4942,пол мужской,Санкт-Петербург,данные извлечь невозможно
4947,пол мужской,Санкт-Петербург,данные извлечь невозможно
4959,пол женский,город не указан,данные извлечь невозможно
4969,пол мужской,Санкт-Петербург,данные извлечь невозможно
4973,пол мужской,Москва,данные извлечь невозможно
4984,пол мужской,Москва,данные извлечь невозможно
4990,пол мужской,Санкт-Петербург,данные извлечь невозможно
5028,пол мужской,Омск,данные извлечь невозможно
5055,пол мужской,Санкт-Петербург,данные извлечь невозможно
5073,пол женский,Мурманск,данные извлечь невозможно
5081,пол мужской,Санкт-Петербург,данные извлечь невозможно
5095,пол женский,Санкт-Петербург,данные извлечь невозможно
5109,пол мужской,Санкт-Петербург,данные извлечь невозможно
5121,пол мужской,Санкт-Петербург,данные извлечь невозможно
5127,пол мужской,Санкт-Петербург,данные извлечь невозможно
5165,пол женский,Санкт-Петербург,данные извлечь невозможно
5198,пол женский,город не указан,данные извлечь невозможно
5213,пол мужской,Москва,1
5223,пол мужской,Москва,1
5224,пол мужской,Москва,данные извлечь невозможно
5227,пол мужской,Алматы,данные извлечь невозможно
5238,пол мужской,Санкт-Петербург,данные извлечь невозможно
5273,пол мужской,Санкт-Петербург,данные извлечь невозможно
5280,пол мужской,Москва,данные извлечь невозможно
5291,пол женский,город не указан,данные извлечь невозможно
5298,пол мужской,Санкт-Петербург,данные извлечь невозможно
5303,пол мужской,Москва,данные извлечь невозможно
5337,пол женский,Санкт-Петербург,данные извлечь невозможно
5354,пол мужской,Москва,4
5381,пол женский,Санкт-Петербург,данные извлечь невозможно
5385,пол женский,Москва,данные извлечь невозможно
5392,пол мужской,Санкт-Петербург,данные извлечь невозможно
5394,пол мужской,Саратов,данные извлечь невозможно
5399,пол женский,Санкт-Петербург,данные извлечь невозможно
5407,пол мужской,Санкт-Петербург,4
5419,пол мужской,Санкт-Петербург,данные извлечь невозможно
5420,пол женский,Berlin,данные извлечь невозможно
5422,пол женский,Старый Оскол,данные извлечь невозможно
5438,пол мужской,Санкт-Петербург,1
5447,пол женский,город не указан,данные извлечь невозможно
5472,пол женский,Санкт-Петербург,данные извлечь невозможно
5597,пол женский,Санкт-Петербург,данные извлечь невозможно
5609,пол женский,Санкт-Петербург,данные извлечь невозможно
5665,пол мужской,Новороссийск,данные извлечь невозможно
5680,пол мужской,Санкт-Петербург,данные извлечь невозможно
5701,пол мужской,Кузнецк,данные извлечь невозможно
5711,пол мужской,Санкт-Петербург,данные извлечь невозможно
5715,пол женский,Санкт-Петербург,4
5717,пол мужской,Санкт-Петербург,данные извлечь невозможно
5749,пол мужской,Санкт-Петербург,данные извлечь невозможно
5766,пол женский,Cambridge,данные извлечь невозможно
5769,пол женский,Санкт-Петербург,данные извлечь невозможно
5770,пол мужской,Санкт-Петербург,данные извлечь невозможно
5772,пол мужской,Санкт-Петербург,данные извлечь невозможно
5794,пол женский,Москва,данные извлечь невозможно
5796,пол мужской,Москва,данные извлечь невозможно
5804,пол мужской,Санкт-Петербург,данные извлечь невозможно
5821,пол мужской,Санкт-Петербург,данные извлечь невозможно
5827,пол женский,Санкт-Петербург,2
5837,пол мужской,Helsinki,данные извлечь невозможно
5840,пол женский,Санкт-Петербург,данные извлечь невозможно
5845,пол мужской,Санкт-Петербург,данные извлечь невозможно
5855,пол женский,город не указан,данные извлечь невозможно
5889,пол женский,Санкт-Петербург,данные извлечь невозможно
5892,пол женский,Москва,данные извлечь невозможно
5895,пол мужской,Санкт-Петербург,данные извлечь невозможно
5896,пол женский,Санкт-Петербург,данные извлечь невозможно
5912,пол мужской,Санкт-Петербург,данные извлечь невозможно
5914,пол мужской,Алматы,данные извлечь невозможно
5923,пол женский,Санкт-Петербург,данные извлечь невозможно
5944,пол мужской,Санкт-Петербург,данные извлечь невозможно
5965,пол мужской,Санкт-Петербург,данные извлечь невозможно
6002,пол мужской,Санкт-Петербург,данные извлечь невозможно
6041,пол мужской,Санкт-Петербург,данные извлечь невозможно
6071,пол мужской,Groningen,данные извлечь невозможно
6087,пол мужской,Санкт-Петербург,данные извлечь невозможно
6099,пол мужской,Санкт-Петербург,данные извлечь невозможно
6107,пол мужской,Санкт-Петербург,данные извлечь невозможно
6116,пол женский,Москва,данные извлечь невозможно
6130,пол мужской,Москва,данные извлечь невозможно
6148,пол мужской,Санкт-Петербург,данные извлечь невозможно
6155,пол мужской,Москва,данные извлечь невозможно
6167,пол мужской,Тель-Авив,данные извлечь невозможно
6184,пол женский,Санкт-Петербург,данные извлечь невозможно
6219,пол женский,Санкт-Петербург,данные извлечь невозможно
6225,пол мужской,Санкт-Петербург,данные извлечь невозможно
6242,пол мужской,Barcelona,данные извлечь невозможно
6260,пол мужской,Санкт-Петербург,данные извлечь невозможно
6273,пол женский,Санкт-Петербург,данные извлечь невозможно
6281,пол мужской,город не указан,данные извлечь невозможно
6287,пол мужской,Москва,данные извлечь невозможно
6295,пол мужской,Санкт-Петербург,данные извлечь невозможно
6308,пол мужской,Санкт-Петербург,данные извлечь невозможно
6309,пол мужской,Москва,данные извлечь невозможно
6333,пол женский,Санкт-Петербург,данные извлечь невозможно
6371,пол мужской,Санкт-Петербург,данные извлечь невозможно
6424,пол мужской,Санкт-Петербург,данные извлечь невозможно
6448,пол мужской,Санкт-Петербург,данные извлечь невозможно
6456,пол мужской,город не указан,1
6472,пол женский,Москва,данные извлечь невозможно
6495,пол женский,Москва,данные извлечь невозможно
6503,пол женский,Санкт-Петербург,данные извлечь невозможно
6553,пол женский,Basel,данные извлечь невозможно
6559,пол мужской,Барнаул,4
6579,пол мужской,Санкт-Петербург,данные извлечь невозможно
6585,пол мужской,Versailles,данные извлечь невозможно
6592,пол мужской,Helsinki,данные извлечь невозможно
6618,пол женский,Санкт-Петербург,данные извлечь невозможно
6637,пол мужской,Санкт-Петербург,данные извлечь невозможно
6652,пол женский,Москва,данные извлечь невозможно
6659,пол женский,Санкт-Петербург,данные извлечь невозможно
6673,пол мужской,Санкт-Петербург,данные извлечь невозможно
6710,пол мужской,New York City,данные извлечь невозможно
6732,пол мужской,Санкт-Петербург,данные извлечь невозможно
6735,пол женский,Тель-Авив,данные извлечь невозможно
6769,пол мужской,Санкт-Петербург,данные извлечь невозможно
6847,пол женский,Санкт-Петербург,данные извлечь невозможно
6895,пол женский,Санкт-Петербург,данные извлечь невозможно
6897,пол мужской,город не указан,данные извлечь невозможно
6919,пол мужской,Санкт-Петербург,данные извлечь невозможно
6923,пол женский,город не указан,данные извлечь невозможно
6953,пол женский,Москва,данные извлечь невозможно
6962,пол мужской,город не указан,данные извлечь невозможно
6967,пол женский,Санкт-Петербург,данные извлечь невозможно
6977,пол мужской,город не указан,данные извлечь невозможно
6994,пол женский,Оренбург,данные извлечь невозможно
7028,пол мужской,Санкт-Петербург,данные извлечь невозможно
7079,пол мужской,Naaldwijk,данные извлечь невозможно
7086,пол мужской,Санкт-Петербург,данные извлечь невозможно
7091,пол мужской,Ariel,данные извлечь невозможно
7098,пол мужской,Санкт-Петербург,данные извлечь невозможно
7126,пол женский,город не указан,данные извлечь невозможно
7156,пол мужской,Санкт-Петербург,4
7158,пол женский,Москва,данные извлечь невозможно
7172,пол женский,Иноземцево,данные извлечь невозможно
7174,пол мужской,Москва,данные извлечь невозможно
7201,пол женский,город не указан,данные извлечь невозможно
7202,пол мужской,город не указан,данные извлечь невозможно
7223,пол мужской,Санкт-Петербург,данные извлечь невозможно
7226,пол женский,город не указан,данные извлечь невозможно
7241,пол мужской,Санкт-Петербург,данные извлечь невозможно
7356,пол мужской,Москва,1
7361,пол мужской,Санкт-Петербург,данные извлечь невозможно
7396,пол женский,Санкт-Петербург,данные извлечь невозможно
7405,пол мужской,Санкт-Петербург,4
7452,пол мужской,Санкт-Петербург,данные извлечь невозможно
7468,пол женский,Санкт-Петербург,данные извлечь невозможно
7475,пол мужской,Санкт-Петербург,данные извлечь невозможно
7520,пол мужской,Сыктывкар,данные извлечь невозможно
7525,пол мужской,Москва,данные извлечь невозможно
7529,пол женский,Санкт-Петербург,данные извлечь невозможно
7542,пол мужской,Москва,данные извлечь невозможно
7554,пол женский,Санкт-Петербург,данные извлечь невозможно
7610,пол женский,Санкт-Петербург,данные извлечь невозможно
7624,пол мужской,Санкт-Петербург,данные извлечь невозможно
7629,пол мужской,город не указан,данные извлечь невозможно
7659,пол женский,город не указан,данные извлечь невозможно
7662,пол мужской,Санкт-Петербург,данные извлечь невозможно
7671,пол женский,Москва,данные извлечь невозможно
7692,пол мужской,Санкт-Петербург,данные извлечь невозможно
7701,пол мужской,Москва,данные извлечь невозможно
7770,пол женский,город не указан,данные извлечь невозможно
7794,пол мужской,Москва,данные извлечь невозможно
7833,пол мужской,Санкт-Петербург,данные извлечь невозможно
7855,пол мужской,Санкт-Петербург,данные извлечь невозможно
7924,пол женский,Москва,данные извлечь невозможно
7939,пол мужской,Санкт-Петербург,данные извлечь невозможно
7978,пол мужской,Санкт-Петербург,данные извлечь невозможно
7989,пол женский,Москва,данные извлечь невозможно
8019,пол мужской,Санкт-Петербург,данные извлечь невозможно
8038,пол мужской,Санкт-Петербург,данные извлечь невозможно
8058,пол мужской,Москва,данные извлечь невозможно
8070,пол мужской,Екатеринбург,данные извлечь невозможно
8074,пол мужской,Москва,1
8080,пол женский,Санкт-Петербург,данные извлечь невозможно
8130,пол женский,Санкт-Петербург,данные извлечь невозможно
8140,пол мужской,город не указан,данные извлечь невозможно
8149,пол мужской,Пенза,данные извлечь невозможно
8166,пол мужской,Санкт-Петербург,данные извлечь невозможно
8179,пол мужской,город не указан,данные извлечь невозможно
8186,пол мужской,Санкт-Петербург,данные извлечь невозможно
8201,пол мужской,Санкт-Петербург,данные извлечь невозможно
8217,пол женский,Санкт-Петербург,данные извлечь невозможно
8239,пол женский,Санкт-Петербург,данные извлечь невозможно
8244,пол мужской,Санкт-Петербург,данные извлечь невозможно
8273,пол мужской,Санкт-Петербург,данные извлечь невозможно
8294,пол мужской,Санкт-Петербург,данные извлечь невозможно
8297,пол мужской,Москва,данные извлечь невозможно
8298,пол мужской,Нижний Новгород,данные извлечь невозможно
8308,пол мужской,Санкт-Петербург,данные извлечь невозможно
8315,пол мужской,Санкт-Петербург,данные извлечь невозможно
8358,пол женский,Санкт-Петербург,4
8361,пол мужской,Москва,данные извлечь невозможно
8377,пол мужской,Москва,данные извлечь невозможно
8390,пол мужской,Гатчина,данные извлечь невозможно
8394,пол женский,город не указан,данные извлечь невозможно
8417,пол мужской,Санкт-Петербург,данные извлечь невозможно
8420,пол мужской,Biel / Bienne,данные извлечь невозможно
8495,пол мужской,Санкт-Петербург,данные извлечь невозможно
8529,пол мужской,Санкт-Петербург,данные извлечь невозможно
8549,пол мужской,Гатчина,данные извлечь невозможно
8576,пол мужской,Санкт-Петербург,данные извлечь невозможно
8598,пол женский,Москва,данные извлечь невозможно
8625,пол женский,Москва,данные извлечь невозможно
8684,пол мужской,Москва,данные извлечь невозможно
8727,пол мужской,город не указан,данные извлечь невозможно
8751,пол женский,Санкт-Петербург,данные извлечь невозможно
8777,пол мужской,Санкт-Петербург,данные извлечь невозможно
8781,пол мужской,Санкт-Петербург,данные извлечь невозможно
8784,пол мужской,Санкт-Петербург,данные извлечь невозможно
8790,пол мужской,Санкт-Петербург,данные извлечь невозможно
8805,пол мужской,Москва,данные извлечь невозможно
8837,пол мужской,Москва,данные извлечь невозможно
8876,пол женский,Санкт-Петербург,данные извлечь невозможно
8880,пол мужской,Санкт-Петербург,данные извлечь невозможно
8882,пол мужской,Санкт-Петербург,данные извлечь невозможно
8883,пол женский,Санкт-Петербург,данные извлечь невозможно
8937,пол мужской,Санкт-Петербург,данные извлечь невозможно
8942,пол женский,Санкт-Петербург,данные извлечь невозможно
8943,пол женский,Санкт-Петербург,данные извлечь невозможно
8944,пол женский,Санкт-Петербург,4
8954,пол женский,Санкт-Петербург,данные извлечь невозможно
8968,пол женский,Санкт-Петербург,данные извлечь невозможно
9002,пол мужской,Санкт-Петербург,данные извлечь невозможно
9038,пол женский,Санкт-Петербург,данные извлечь невозможно
9077,пол женский,Москва,данные извлечь невозможно
9088,пол мужской,Санкт-Петербург,данные извлечь невозможно
9091,пол мужской,Санкт-Петербург,данные извлечь невозможно
9092,пол мужской,Санкт-Петербург,данные извлечь невозможно
9100,пол мужской,Санкт-Петербург,7
9110,пол мужской,Санкт-Петербург,данные извлечь невозможно
9111,пол мужской,Санкт-Петербург,данные извлечь невозможно
9122,пол мужской,Санкт-Петербург,данные извлечь невозможно
9130,пол мужской,Орск,данные извлечь невозможно
9148,пол женский,Санкт-Петербург,данные извлечь невозможно
9179,пол мужской,Nuuk,данные извлечь невозможно
9200,пол мужской,Тольятти,данные извлечь невозможно
9246,пол мужской,Санкт-Петербург,данные извлечь невозможно
9247,пол мужской,Санкт-Петербург,данные извлечь невозможно
9259,пол мужской,Санкт-Петербург,4
9261,пол женский,Москва,данные извлечь невозможно
9262,пол мужской,Санкт-Петербург,данные извлечь невозможно
9275,пол мужской,Санкт-Петербург,данные извлечь невозможно
9318,пол женский,Москва,данные извлечь невозможно
9337,пол мужской,Санкт-Петербург,данные извлечь невозможно
9351,пол мужской,Москва,данные извлечь невозможно
9383,пол женский,Санкт-Петербург,данные извлечь невозможно
9398,пол женский,город не указан,данные извлечь невозможно
9420,пол мужской,Санкт-Петербург,4
9422,пол мужской,Санкт-Петербург,данные извлечь невозможно
9429,пол мужской,Санкт-Петербург,данные извлечь невозможно
9491,пол женский,Санкт-Петербург,данные извлечь невозможно
9527,пол мужской,Санкт-Петербург,данные извлечь невозможно
9528,пол женский,Новосибирск,данные извлечь невозможно
9532,пол мужской,Санкт-Петербург,данные извлечь невозможно
9542,пол женский,Trapani,данные извлечь невозможно
9559,пол мужской,Санкт-Петербург,4
9571,пол мужской,Москва,данные извлечь невозможно
9574,пол мужской,Санкт-Петербург,данные извлечь невозможно
9580,пол мужской,Красноярск,данные извлечь невозможно
9611,пол женский,город не указан,данные извлечь невозможно
9653,пол женский,Москва,данные извлечь невозможно
9683,пол мужской,Санкт-Петербург,данные извлечь невозможно
9687,пол мужской,Самара,1
9699,пол женский,Phuket,2
9721,пол мужской,Санкт-Петербург,данные извлечь невозможно
9731,пол женский,Санкт-Петербург,данные извлечь невозможно
9733,пол женский,Санкт-Петербург,данные извлечь невозможно
9734,пол мужской,Санкт-Петербург,данные извлечь невозможно
9741,пол мужской,Санкт-Петербург,данные извлечь невозможно
9804,пол мужской,город не указан,данные извлечь невозможно
9806,пол мужской,Москва,данные извлечь невозможно
9821,пол мужской,Санкт-Петербург,данные извлечь невозможно
9826,пол мужской,город не указан,данные извлечь невозможно
9833,пол мужской,Санкт-Петербург,данные извлечь невозможно
9841,пол мужской,Санкт-Петербург,данные извлечь невозможно
9900,пол мужской,Санкт-Петербург,данные извлечь невозможно
9914,пол мужской,Санкт-Петербург,данные извлечь невозможно
9941,пол мужской,Санкт-Петербург,данные извлечь невозможно
9942,пол женский,Санкт-Петербург,данные извлечь невозможно
9968,пол мужской,Санкт-Петербург,данные извлечь невозможно
9980,пол мужской,Санкт-Петербург,данные извлечь невозможно
10066,пол мужской,Санкт-Петербург,данные извлечь невозможно
10069,пол мужской,Москва,данные извлечь невозможно
10078,пол женский,Санкт-Петербург,данные извлечь невозможно
10087,пол мужской,Москва,данные извлечь невозможно
10095,пол женский,Санкт-Петербург,данные извлечь невозможно
10112,пол женский,Санкт-Петербург,данные извлечь невозможно
10113,пол женский,Санкт-Петербург,данные извлечь невозможно
10159,пол мужской,Санкт-Петербург,данные извлечь невозможно
10197,пол женский,Санкт-Петербург,данные извлечь невозможно
10261,пол женский,Москва,данные извлечь невозможно
10266,пол женский,город не указан,данные извлечь невозможно
10290,пол женский,Санкт-Петербург,данные извлечь невозможно
10298,пол мужской,Санкт-Петербург,1
10333,пол мужской,Москва,данные извлечь невозможно
10365,пол мужской,Санкт-Петербург,3
10408,пол мужской,Новосибирск,данные извлечь невозможно
10460,пол мужской,Санкт-Петербург,данные извлечь невозможно
10480,пол мужской,Москва,данные извлечь невозможно
10518,пол женский,Санкт-Петербург,данные извлечь невозможно
10539,пол женский,Москва,данные извлечь невозможно
10599,пол женский,Санкт-Петербург,данные извлечь невозможно
10606,пол женский,Москва,данные извлечь невозможно
10627,пол мужской,Toronto,данные извлечь невозможно
10664,пол женский,Санкт-Петербург,данные извлечь невозможно
10672,пол женский,Санкт-Петербург,данные извлечь невозможно
10680,пол мужской,город не указан,данные извлечь невозможно
10684,пол мужской,Санкт-Петербург,данные извлечь невозможно
10689,пол женский,Санкт-Петербург,данные извлечь невозможно
10705,пол мужской,Москва,данные извлечь невозможно
10765,пол мужской,Санкт-Петербург,4
10775,пол мужской,Москва,данные извлечь невозможно
10798,пол женский,Санкт-Петербург,данные извлечь невозможно
10846,пол мужской,Москва,данные извлечь невозможно
10863,пол мужской,Санкт-Петербург,данные извлечь невозможно
10865,пол мужской,Санкт-Петербург,данные извлечь невозможно
10901,пол мужской,Москва,данные извлечь невозможно
10904,пол мужской,Санкт-Петербург,данные извлечь невозможно
10918,пол женский,Санкт-Петербург,данные извлечь невозможно
10920,пол женский,Москва,данные извлечь невозможно
10928,пол женский,Москва,данные извлечь невозможно
10945,пол мужской,Москва,данные извлечь невозможно
11013,пол мужской,город не указан,данные извлечь невозможно
11067,пол женский,Москва,данные извлечь невозможно
11074,пол мужской,Санкт-Петербург,4
11078,пол женский,Санкт-Петербург,данные извлечь невозможно
11081,пол мужской,Москва,данные извлечь невозможно
11092,пол мужской,город не указан,4
11098,пол мужской,город не указан,данные извлечь невозможно
11108,пол женский,Санкт-Петербург,данные извлечь невозможно
11132,пол мужской,Санкт-Петербург,данные извлечь невозможно
11147,пол мужской,Москва,данные извлечь невозможно
11191,пол мужской,Санкт-Петербург,4
11274,пол мужской,Санкт-Петербург,4
11317,пол женский,Москва,данные извлечь невозможно
11362,пол женский,Москва,данные извлечь невозможно
11404,пол мужской,Санкт-Петербург,данные извлечь невозможно
11405,пол мужской,Санкт-Петербург,данные извлечь невозможно
11425,пол женский,Москва,данные извлечь невозможно
11451,пол мужской,Москва,1
11468,пол женский,Edinburgh,данные извлечь невозможно
11472,пол женский,Санкт-Петербург,данные извлечь невозможно
11545,пол женский,город не указан,данные извлечь невозможно
11546,пол женский,Санкт-Петербург,данные извлечь невозможно
11568,пол мужской,Grafing bei München,4
11622,пол мужской,Санкт-Петербург,данные извлечь невозможно
11630,пол мужской,город не указан,данные извлечь невозможно
11703,пол женский,Санкт-Петербург,данные извлечь невозможно
11717,пол женский,Санкт-Петербург,данные извлечь невозможно
11727,пол мужской,Санкт-Петербург,данные извлечь невозможно
11754,пол мужской,Санкт-Петербург,данные извлечь невозможно
11816,пол мужской,Санкт-Петербург,данные извлечь невозможно
11848,пол мужской,Санкт-Петербург,данные извлечь невозможно
11858,пол мужской,Санкт-Петербург,данные извлечь невозможно
11946,пол женский,Санкт-Петербург,данные извлечь невозможно
11953,пол мужской,Санкт-Петербург,2
11964,пол женский,Санкт-Петербург,данные извлечь невозможно
11998,пол мужской,город не указан,данные извлечь невозможно
12000,пол женский,город не указан,данные извлечь невозможно
12009,пол женский,Санкт-Петербург,данные извлечь невозможно
12050,пол женский,Санкт-Петербург,данные извлечь невозможно
12141,пол женский,Санкт-Петербург,данные извлечь невозможно
12183,пол женский,Москва,данные извлечь невозможно
12198,пол мужской,Санкт-Петербург,данные извлечь невозможно
12207,пол женский,Санкт-Петербург,данные извлечь невозможно
12247,пол мужской,Санкт-Петербург,1
12281,пол мужской,Bergen,данные извлечь невозможно
12299,пол женский,Москва,данные извлечь невозможно
12303,пол женский,Санкт-Петербург,данные извлечь невозможно
12337,пол женский,Москва,данные извлечь невозможно
12339,пол мужской,Санкт-Петербург,4
12369,пол мужской,Mindelo,данные извлечь невозможно
12373,пол мужской,город не указан,данные извлечь невозможно
12422,пол мужской,Buenos Aires,данные извлечь невозможно
12448,пол женский,город не указан,данные извлечь невозможно
12454,пол мужской,город не указан,данные извлечь невозможно
12477,пол мужской,Санкт-Петербург,данные извлечь невозможно
12485,пол женский,Санкт-Петербург,данные извлечь невозможно
12490,пол мужской,Санкт-Петербург,данные извлечь невозможно
12496,пол мужской,город не указан,данные извлечь невозможно
12521,пол мужской,Долгопрудный,данные извлечь невозможно
12524,пол мужской,Сыктывкар,данные извлечь невозможно
12631,пол мужской,Гродно,данные извлечь невозможно
12673,пол женский,Санкт-Петербург,данные извлечь невозможно
12681,пол мужской,Москва,данные извлечь невозможно
12716,пол женский,Москва,данные извлечь невозможно
12748,пол мужской,Санкт-Петербург,данные извлечь невозможно
12773,пол женский,Санкт-Петербург,данные извлечь невозможно
12789,пол мужской,город не указан,данные извлечь невозможно
12803,пол мужской,Долгопрудный,данные извлечь невозможно
12847,пол мужской,город не указан,данные извлечь невозможно
12876,пол мужской,Таллин,данные извлечь невозможно
12881,пол мужской,Санкт-Петербург,данные извлечь невозможно
12892,пол мужской,Санкт-Петербург,данные извлечь невозможно
12900,пол женский,Санкт-Петербург,данные извлечь невозможно
12919,пол мужской,Москва,данные извлечь невозможно
12934,пол мужской,город не указан,данные извлечь невозможно
12974,пол мужской,Псков,данные извлечь невозможно
12979,пол женский,Санкт-Петербург,данные извлечь невозможно
13004,пол женский,город не указан,данные извлечь невозможно
13019,пол женский,Санкт-Петербург,данные извлечь невозможно
13037,пол мужской,Москва,1
13054,пол мужской,Санкт-Петербург,данные извлечь невозможно
13064,пол женский,Санкт-Петербург,данные извлечь невозможно
13076,пол мужской,Нижний Новгород,4
13103,пол мужской,Санкт-Петербург,данные извлечь невозможно
13116,пол мужской,Санкт-Петербург,данные извлечь невозможно
13117,пол мужской,Санкт-Петербург,данные извлечь невозможно
13127,пол мужской,Санкт-Петербург,данные извлечь невозможно
13132,пол мужской,Санкт-Петербург,данные извлечь невозможно
13135,пол мужской,Санкт-Петербург,данные извлечь невозможно
13139,пол мужской,Berlin,данные извлечь невозможно
13173,пол мужской,Санкт-Петербург,данные извлечь невозможно
13200,пол мужской,Санкт-Петербург,данные извлечь невозможно
13293,пол женский,Санкт-Петербург,данные извлечь невозможно
13331,пол мужской,город не указан,данные извлечь невозможно
13357,пол мужской,Уфа,данные извлечь невозможно
13362,пол мужской,Санкт-Петербург,4
13396,пол мужской,Санкт-Петербург,данные извлечь невозможно
13401,пол женский,Санкт-Петербург,данные извлечь невозможно
13426,пол мужской,Санкт-Петербург,данные извлечь невозможно
13480,пол мужской,Санкт-Петербург,данные извлечь невозможно
13482,пол женский,Санкт-Петербург,данные извлечь невозможно
13489,пол мужской,Санкт-Петербург,данные извлечь невозможно
13490,пол женский,Санкт-Петербург,данные извлечь невозможно
13493,пол мужской,Москва,данные извлечь невозможно
13505,пол женский,Санкт-Петербург,данные извлечь невозможно
13509,пол женский,Санкт-Петербург,данные извлечь невозможно
13559,пол мужской,Санкт-Петербург,данные извлечь невозможно
13581,пол мужской,Санкт-Петербург,данные извлечь невозможно
13584,пол мужской,Санкт-Петербург,данные извлечь невозможно
13626,пол мужской,Санкт-Петербург,данные извлечь невозможно
13629,пол мужской,Санкт-Петербург,данные извлечь невозможно
13653,пол женский,Санкт-Петербург,данные извлечь невозможно
13664,пол мужской,Санкт-Петербург,данные извлечь невозможно
13686,пол мужской,Санкт-Петербург,данные извлечь невозможно
13689,пол мужской,Санкт-Петербург,4
13717,пол мужской,Санкт-Петербург,данные извлечь невозможно
13718,пол женский,Санкт-Петербург,данные извлечь невозможно
13719,пол мужской,Санкт-Петербург,данные извлечь невозможно
13738,пол женский,город не указан,данные извлечь невозможно
13779,пол мужской,Санкт-Петербург,данные извлечь невозможно
13794,пол мужской,Москва,данные извлечь невозможно
13811,пол мужской,Санкт-Петербург,данные извлечь невозможно
13812,пол женский,город не указан,данные извлечь невозможно
13817,пол мужской,Санкт-Петербург,данные извлечь невозможно
13836,пол мужской,город не указан,данные извлечь невозможно
13841,пол мужской,Санкт-Петербург,4
13843,пол женский,London,данные извлечь невозможно
13876,пол мужской,Санкт-Петербург,4
13877,пол мужской,Санкт-Петербург,данные извлечь невозможно
13900,пол мужской,Санкт-Петербург,данные извлечь невозможно
13926,пол женский,город не указан,данные извлечь невозможно
13932,пол мужской,Санкт-Петербург,данные извлечь невозможно
13934,пол мужской,Санкт-Петербург,данные извлечь невозможно
13966,пол женский,Bradford West Gwillimbury,4
14044,пол женский,Санкт-Петербург,данные извлечь невозможно
14095,пол мужской,Севастополь,4
14105,пол мужской,Reykjavík,данные извлечь невозможно
14110,пол мужской,Санкт-Петербург,данные извлечь невозможно
14112,пол мужской,Санкт-Петербург,данные извлечь невозможно
14169,пол мужской,город не указан,данные извлечь невозможно
14173,пол женский,Санкт-Петербург,данные извлечь невозможно
14177,пол мужской,Санкт-Петербург,данные извлечь невозможно
14199,пол женский,Санкт-Петербург,данные извлечь невозможно
14255,пол мужской,Москва,данные извлечь невозможно
14278,пол мужской,Санкт-Петербург,данные извлечь невозможно
14281,пол женский,Санкт-Петербург,данные извлечь невозможно
14311,пол мужской,Санкт-Петербург,данные извлечь невозможно
14320,пол мужской,Санкт-Петербург,данные извлечь невозможно
14352,пол женский,Санкт-Петербург,данные извлечь невозможно
14370,пол женский,город не указан,данные извлечь невозможно
14389,пол мужской,Санкт-Петербург,данные извлечь невозможно
14404,пол женский,Санкт-Петербург,данные извлечь невозможно
14414,пол мужской,город не указан,данные извлечь невозможно
14441,пол мужской,Вологда,1
14443,пол мужской,Санкт-Петербург,данные извлечь невозможно
14507,пол мужской,город не указан,данные извлечь невозможно
14528,пол мужской,Москва,данные извлечь невозможно
14540,пол мужской,Санкт-Петербург,данные извлечь невозможно
14545,пол мужской,город не указан,данные извлечь невозможно
14572,пол мужской,Санкт-Петербург,данные извлечь невозможно
14602,пол женский,город не указан,данные извлечь невозможно
14620,пол мужской,London,данные извлечь невозможно
14626,пол женский,Санкт-Петербург,данные извлечь невозможно
14628,пол мужской,Санкт-Петербург,данные извлечь невозможно
14634,пол женский,Hamburg,4
14654,пол мужской,Москва,данные извлечь невозможно
14668,пол женский,Praha,данные извлечь невозможно
14678,пол женский,город не указан,4
14739,пол мужской,Санкт-Петербург,данные извлечь невозможно
14807,пол женский,Москва,данные извлечь невозможно
14813,пол мужской,Москва,данные извлечь невозможно
14840,пол женский,Москва,данные извлечь невозможно
14842,пол мужской,Санкт-Петербург,данные извлечь невозможно
14852,пол мужской,Москва,данные извлечь невозможно
14854,пол мужской,Москва,данные извлечь невозможно
14885,пол мужской,Москва,данные извлечь невозможно
14891,пол женский,Санкт-Петербург,данные извлечь невозможно
14895,пол мужской,город не указан,данные извлечь невозможно
14901,пол женский,Москва,данные извлечь невозможно
14914,пол мужской,Санкт-Петербург,данные извлечь невозможно
14929,пол мужской,Санкт-Петербург,данные извлечь невозможно
14937,пол мужской,Санкт-Петербург,данные извлечь невозможно
14952,пол женский,Санкт-Петербург,данные извлечь невозможно
14953,пол женский,Санкт-Петербург,данные извлечь невозможно
14974,пол женский,Санкт-Петербург,данные извлечь невозможно
15018,пол мужской,Санкт-Петербург,данные извлечь невозможно
15077,пол мужской,Москва,данные извлечь невозможно
15085,пол мужской,Санкт-Петербург,данные извлечь невозможно
15087,пол мужской,Москва,данные извлечь невозможно
15089,пол женский,Dublin,данные извлечь невозможно
15101,пол мужской,Москва,данные извлечь невозможно
15104,пол женский,Санкт-Петербург,данные извлечь невозможно
15120,пол мужской,Amsterdam,данные извлечь невозможно
15126,пол женский,Москва,данные извлечь невозможно
15141,пол мужской,Санкт-Петербург,данные извлечь невозможно
15162,пол мужской,Санкт-Петербург,данные извлечь невозможно
15173,пол женский,город не указан,данные извлечь невозможно
15174,пол женский,город не указан,данные извлечь невозможно
15221,пол женский,Санкт-Петербург,4
15224,пол мужской,город не указан,данные извлечь невозможно
15236,пол мужской,Москва,1
15238,пол мужской,Москва,данные извлечь невозможно
15295,пол женский,Санкт-Петербург,данные извлечь невозможно
15329,пол мужской,город не указан,данные извлечь невозможно
15337,пол женский,Санкт-Петербург,данные извлечь невозможно
15354,пол мужской,Санкт-Петербург,данные извлечь невозможно
15384,пол мужской,Санкт-Петербург,данные извлечь невозможно
15393,пол женский,Санкт-Петербург,данные извлечь невозможно
15406,пол женский,Новосибирск,данные извлечь невозможно
15410,пол мужской,Санкт-Петербург,данные извлечь невозможно
15485,пол женский,Санкт-Петербург,4
15486,пол мужской,Санкт-Петербург,данные извлечь невозможно
15488,пол мужской,Санкт-Петербург,4
15512,пол мужской,Москва,данные извлечь невозможно
15532,пол мужской,Москва,данные извлечь невозможно
15544,пол мужской,Москва,данные извлечь невозможно
15564,пол мужской,Москва,данные извлечь невозможно
15575,пол мужской,Санкт-Петербург,1
15577,пол мужской,Санкт-Петербург,данные извлечь невозможно
15611,пол женский,город не указан,данные извлечь невозможно
15617,пол мужской,San Francisco,данные извлечь невозможно
15633,пол мужской,Москва,данные извлечь невозможно
15650,пол мужской,Новосибирск,данные извлечь невозможно
15714,пол мужской,Новосибирск,4
15716,пол мужской,Санкт-Петербург,данные извлечь невозможно
15717,пол женский,Санкт-Петербург,данные извлечь невозможно
15740,пол мужской,Москва,4
15749,пол мужской,Санкт-Петербург,данные извлечь невозможно
15765,пол мужской,Москва,данные извлечь невозможно
15806,пол женский,Москва,данные извлечь невозможно
15854,пол женский,Санкт-Петербург,данные извлечь невозможно
15865,пол женский,Санкт-Петербург,данные извлечь невозможно
15886,пол мужской,Санкт-Петербург,данные извлечь невозможно
15904,пол мужской,Москва,данные извлечь невозможно
15908,пол мужской,Москва,данные извлечь невозможно
15909,пол мужской,город не указан,данные извлечь невозможно
15935,пол мужской,Москва,данные извлечь невозможно
15947,пол мужской,Москва,данные извлечь невозможно
15966,пол женский,Санкт-Петербург,данные извлечь невозможно
15970,пол женский,Тюмень,данные извлечь невозможно
15972,пол мужской,город не указан,данные извлечь невозможно
15974,пол мужской,Москва,4
16017,пол женский,Москва,данные извлечь невозможно
16049,пол мужской,Санкт-Петербург,данные извлечь невозможно
16054,пол мужской,Санкт-Петербург,данные извлечь невозможно
16059,пол женский,Москва,данные извлечь невозможно
16113,пол мужской,Москва,данные извлечь невозможно
16163,пол мужской,Санкт-Петербург,данные извлечь невозможно
16181,пол мужской,Санкт-Петербург,данные извлечь невозможно
16194,пол женский,Санкт-Петербург,данные извлечь невозможно
16207,пол мужской,Санкт-Петербург,данные извлечь невозможно
16237,пол женский,Москва,данные извлечь невозможно
16250,пол мужской,Москва,данные извлечь невозможно
16293,пол мужской,Санкт-Петербург,данные извлечь невозможно
16314,пол мужской,Санкт-Петербург,данные извлечь невозможно
16333,пол женский,город не указан,данные извлечь невозможно
16382,пол женский,Санкт-Петербург,данные извлечь невозможно
16418,пол мужской,Москва,данные извлечь невозможно
16421,пол мужской,Санкт-Петербург,данные извлечь невозможно
16492,пол мужской,Москва,данные извлечь невозможно
16529,пол мужской,Санкт-Петербург,данные извлечь невозможно
16615,пол мужской,Москва,данные извлечь невозможно
16616,пол мужской,Москва,данные извлечь невозможно
16620,пол мужской,Москва,данные извлечь невозможно
16659,пол мужской,Москва,данные извлечь невозможно
16670,пол мужской,Москва,данные извлечь невозможно
16725,пол мужской,Москва,данные извлечь невозможно
16743,пол мужской,Санкт-Петербург,данные извлечь невозможно
16757,пол мужской,Санкт-Петербург,данные извлечь невозможно
16778,пол мужской,Санкт-Петербург,данные извлечь невозможно
16871,пол мужской,Москва,данные извлечь невозможно
16907,пол мужской,Санкт-Петербург,данные извлечь невозможно
16915,пол мужской,Москва,данные извлечь невозможно
16917,пол мужской,Москва,данные извлечь невозможно
16932,пол мужской,Москва,данные извлечь невозможно
16945,пол мужской,Санкт-Петербург,данные извлечь невозможно
16951,пол мужской,Воронеж,данные извлечь невозможно
16990,пол мужской,Москва,4
17020,пол мужской,Москва,данные извлечь невозможно
17031,пол мужской,Москва,данные извлечь невозможно
17064,пол мужской,Ростов-на-Дону,данные извлечь невозможно
17077,пол мужской,Умань,данные извлечь невозможно
17085,пол мужской,Москва,данные извлечь невозможно
17140,пол женский,Санкт-Петербург,данные извлечь невозможно
17171,пол мужской,Санкт-Петербург,данные извлечь невозможно
17193,пол женский,Санкт-Петербург,данные извлечь невозможно
17212,пол мужской,город не указан,данные извлечь невозможно
17249,пол мужской,город не указан,данные извлечь невозможно
17251,пол женский,Москва,данные извлечь невозможно
17287,пол мужской,Wrocław,данные извлечь невозможно
17297,пол женский,Санкт-Петербург,данные извлечь невозможно
17319,пол женский,Санкт-Петербург,данные извлечь невозможно
17344,пол женский,Санкт-Петербург,данные извлечь невозможно
17384,пол мужской,Москва,данные извлечь невозможно
17405,пол мужской,город не указан,данные извлечь невозможно
17464,пол мужской,Москва,данные извлечь невозможно
17483,пол женский,Санкт-Петербург,данные извлечь невозможно
17502,пол мужской,город не указан,данные извлечь невозможно
17551,пол мужской,город не указан,данные извлечь невозможно
17556,пол мужской,Москва,данные извлечь невозможно
17583,пол женский,Pattaya,данные извлечь невозможно
17610,пол мужской,город не указан,данные извлечь невозможно
17683,пол женский,Москва,данные извлечь невозможно
17762,пол мужской,Санкт-Петербург,данные извлечь невозможно
17782,пол мужской,Москва,данные извлечь невозможно
17859,пол женский,Санкт-Петербург,данные извлечь невозможно
17862,пол мужской,Москва,данные извлечь невозможно
17896,пол мужской,Москва,данные извлечь невозможно
17922,пол мужской,Санкт-Петербург,4
17990,пол мужской,Санкт-Петербург,данные извлечь невозможно
18007,пол мужской,Пятигорск,1
18035,пол женский,Санкт-Петербург,данные извлечь невозможно
18074,пол мужской,México,данные извлечь невозможно
18100,пол мужской,Москва,данные извлечь невозможно
18101,пол женский,Санкт-Петербург,данные извлечь невозможно
18127,пол женский,Новосибирск,данные извлечь невозможно
18187,пол женский,Москва,данные извлечь невозможно
18189,пол мужской,город не указан,данные извлечь невозможно
18191,пол мужской,город не указан,данные извлечь невозможно
18192,пол мужской,Санкт-Петербург,данные извлечь невозможно
18217,пол мужской,город не указан,данные извлечь невозможно
18222,пол женский,город не указан,данные извлечь невозможно
18226,пол мужской,Москва,данные извлечь невозможно
18358,пол мужской,Санкт-Петербург,данные извлечь невозможно
18430,пол мужской,город не указан,данные извлечь невозможно
18510,пол женский,Москва,данные извлечь невозможно
18624,пол мужской,Москва,данные извлечь невозможно
18631,пол мужской,Санкт-Петербург,4
18632,пол женский,город не указан,данные извлечь невозможно
18683,пол мужской,Санкт-Петербург,данные извлечь невозможно
18690,пол мужской,Санкт-Петербург,данные извлечь невозможно
18716,пол женский,Санкт-Петербург,данные извлечь невозможно
18735,пол мужской,Москва,данные извлечь невозможно
18739,пол женский,Санкт-Петербург,данные извлечь невозможно
18786,пол женский,Санкт-Петербург,данные извлечь невозможно
18787,пол мужской,город не указан,данные извлечь невозможно
18825,пол мужской,Санкт-Петербург,данные извлечь невозможно
18882,пол женский,Санкт-Петербург,данные извлечь невозможно
18926,пол женский,Москва,данные извлечь невозможно
18948,пол женский,Санкт-Петербург,данные извлечь невозможно
18952,пол женский,Москва,данные извлечь невозможно
18957,пол женский,Санкт-Петербург,данные извлечь невозможно
18982,пол мужской,Санкт-Петербург,данные извлечь невозможно
18984,пол женский,Санкт-Петербург,данные извлечь невозможно
18997,пол женский,Москва,данные извлечь невозможно
19005,пол мужской,Москва,данные извлечь невозможно
19024,пол мужской,Санкт-Петербург,данные извлечь невозможно
19047,пол мужской,Санкт-Петербург,данные извлечь невозможно
19064,пол мужской,Санкт-Петербург,данные извлечь невозможно
19142,пол мужской,Санкт-Петербург,данные извлечь невозможно
19185,пол мужской,Архангельск,данные извлечь невозможно
19212,пол мужской,Санкт-Петербург,данные извлечь невозможно
19232,пол мужской,Москва,данные извлечь невозможно
19237,пол мужской,Санкт-Петербург,данные извлечь невозможно
19293,пол мужской,Санкт-Петербург,данные извлечь невозможно
19301,пол мужской,Санкт-Петербург,данные извлечь невозможно
19311,пол мужской,Санкт-Петербург,данные извлечь невозможно
19314,пол мужской,город не указан,данные извлечь невозможно
19320,пол мужской,Санкт-Петербург,данные извлечь невозможно
19326,пол мужской,Санкт-Петербург,данные извлечь невозможно
19341,пол мужской,город не указан,данные извлечь невозможно
19386,пол мужской,Санкт-Петербург,данные извлечь невозможно
19388,пол женский,Санкт-Петербург,данные извлечь невозможно
